{".kernel.variance": 1.0, ".kernel.lengthscales": 0.11948132162779189, ".likelihood.variance": 0.00010000000000000011}