{".kernel.variance": 1.0, ".kernel.lengthscales": 0.14418726954311228, ".likelihood.variance": 0.00010000000000000011}